# reported order, target, mean (us), stddev (us)
8	1000	1629.200000	122.493673
8	10000	20476.800000	2003.831505
8	100000	224580.600000	9569.383904
8	1000000	2862159.600000	18795.321354
