# reported order, target, mean (us), stddev (us)
64	1000	1354.200000	100.103446
64	10000	15799.200000	1060.799321
64	100000	200733.200000	5392.469444
64	1000000	2582933.000000	30555.925645
