# reported order, target, mean (us), stddev (us)
32	1000	1366.800000	145.028273
32	10000	17046.200000	1115.232352
32	100000	202612.000000	6268.743933
32	1000000	2640407.800000	36629.984831
