# reported order, target, mean (us), stddev (us)
4	1000	2106.800000	108.331436
4	10000	26916.200000	2077.538495
4	100000	309447.000000	6246.162542
4	1000000	4151760.200000	96082.268045
