# reported order, target, mean (us), stddev (us)
128	1000	1371.200000	109.385557
128	10000	15630.600000	896.817874
128	100000	197614.400000	13134.243499
128	1000000	2532886.400000	27501.179398
