# reported order, target, mean (us), stddev (us)
256	1000	1464.200000	126.630170
256	10000	15658.200000	654.073925
256	100000	198244.600000	4449.681820
256	1000000	2552525.400000	25517.753679
