# reported order, target, mean (us), stddev (us)
16	1000	1503.800000	111.667811
16	10000	17751.400000	1492.408222
16	100000	217766.400000	4099.062551
16	1000000	2760580.800000	22104.067108
